/*
 Navicat MySQL Data Transfer

 Source Server         : ocr_web
 Source Server Type    : MySQL
 Source Server Version : 50560
 Source Host           : 10.1.159.114:3306
 Source Schema         : ocr

 Target Server Type    : MySQL
 Target Server Version : 50560
 File Encoding         : 65001

 Date: 05/06/2018 10:52:21
*/

SET NAMES utf8mb4;
SET FOREIGN_KEY_CHECKS = 0;

-- ----------------------------
-- Table structure for t_ccs_channel
-- ----------------------------
DROP TABLE IF EXISTS `t_ccs_channel`;
CREATE TABLE `t_ccs_channel` (
  `T_CHANNEL_ID` varchar(50) DEFAULT NULL COMMENT '渠道编号ID\r\n',
  `T_CHANNEL_NAME` varchar(50) DEFAULT NULL COMMENT '渠道名称\r\n',
  `T_CHANNEL_TYPE` varchar(2) DEFAULT NULL COMMENT '渠道类别（1：内部；2：外部）\r\n',
  `T_CREATE_TIME` varchar(50) DEFAULT NULL COMMENT '渠道创建时间\r\n',
  `T_REMARK` varchar(50) DEFAULT NULL COMMENT '渠道备注'
) ENGINE=InnoDB DEFAULT CHARSET=utf8;

-- ----------------------------
-- Records of t_ccs_channel
-- ----------------------------
BEGIN;
INSERT INTO `t_ccs_channel` VALUES ('1', '1', '1', NULL, NULL);
COMMIT;

-- ----------------------------
-- Table structure for t_ccs_permission
-- ----------------------------
DROP TABLE IF EXISTS `t_ccs_permission`;
CREATE TABLE `t_ccs_permission` (
  `F_PERMISSION_CODE` varchar(20) DEFAULT NULL COMMENT '功能/权限编码',
  `F_PERMISSION_NAME` varchar(100) DEFAULT NULL COMMENT '功能/权限代号',
  `F_CREATE_TIME` varchar(20) DEFAULT NULL COMMENT '创建时间',
  `F_PERMISSION_GRADE` varchar(100) DEFAULT NULL COMMENT '权限等级（1：模块 2：模块下功能）',
  `F_PAR_PEN_CODE` varchar(100) DEFAULT NULL COMMENT '父模块权限编码',
  `F_MODULE_NAME` varchar(100) DEFAULT NULL COMMENT '模块名称',
  `F_ROLE_DEFAULT` varchar(100) DEFAULT NULL COMMENT '角色默认拥有'
) ENGINE=InnoDB DEFAULT CHARSET=utf8;

-- ----------------------------
-- Records of t_ccs_permission
-- ----------------------------
BEGIN;
INSERT INTO `t_ccs_permission` VALUES ('P10000', 'yonghu', NULL, '1', NULL, NULL, '0,1,2,4');
INSERT INTO `t_ccs_permission` VALUES ('P10001', 'jueseguanli', NULL, '1', NULL, NULL, '0,1,2,4');
INSERT INTO `t_ccs_permission` VALUES ('P10002', 'quanxianguanli', NULL, '1', NULL, NULL, '0,1,2,4');
INSERT INTO `t_ccs_permission` VALUES ('P10003', 'shujuzhanshi', NULL, '1', NULL, NULL, '0,1,2,4');
INSERT INTO `t_ccs_permission` VALUES ('P10004', 'tuxingmobanguanli', NULL, '1', NULL, NULL, '0,1,2,4');
INSERT INTO `t_ccs_permission` VALUES ('P10005', 'cunchuguanli', NULL, '1', NULL, NULL, '0,1,2,4');
INSERT INTO `t_ccs_permission` VALUES ('P10006', 'jianmoguanli', NULL, '1', NULL, NULL, '0,1,2,4');
INSERT INTO `t_ccs_permission` VALUES ('P10007', 'renwuguanli', NULL, '1', NULL, NULL, '0,1,2,4');
COMMIT;

-- ----------------------------
-- Table structure for t_ccs_user
-- ----------------------------
DROP TABLE IF EXISTS `t_ccs_user`;
CREATE TABLE `t_ccs_user` (
  `F_ACCOUNT_NUMBER` varchar(100) DEFAULT NULL COMMENT '用户账号',
  `F_ACCOUNT_PASSWORD` varchar(50) DEFAULT NULL COMMENT '用户密码',
  `F_USER_NUMBER` varchar(100) DEFAULT NULL COMMENT '联系电话',
  `F_CITY` varchar(50) DEFAULT NULL COMMENT '所属地市名称',
  `F_USER_LEVEL` varchar(20) DEFAULT NULL COMMENT '级别(0系统管理员;1地市操作员;2省级操作员;3地市审核员;4省级审核员)',
  `F_STATE` varchar(2) DEFAULT NULL COMMENT '状态(0已启用;1未启用)',
  `F_CITY_CODE` varchar(10) DEFAULT NULL COMMENT '所属地市编号可领地市(11:苏州;12:淮安:13:宿迁;14:南京;15:连云港;16:徐州;17:常州;18:镇江;19:无锡;20:南通;21:泰州;22:盐城;23:扬州;)',
  `F_FATHER_NUMBER` varchar(100) DEFAULT NULL COMMENT '创建者',
  `F_CREATE_TIME` varchar(20) DEFAULT NULL COMMENT '创建时间',
  `T_COMMERCIAL_FIRST_NUM` varchar(20) DEFAULT NULL,
  `T_CHANNEL_ID` varchar(50) DEFAULT NULL COMMENT '渠道编号ID',
  `FACTORY` varchar(255) DEFAULT NULL,
  `Mail` varchar(255) DEFAULT NULL
) ENGINE=InnoDB DEFAULT CHARSET=utf8;

-- ----------------------------
-- Records of t_ccs_user
-- ----------------------------
BEGIN;
INSERT INTO `t_ccs_user` VALUES ('admin', 'admin', '13813366200', '南京', '0', '0', '0', 'admin', '20180514000000', 'CH000022', 'CH000022', NULL, NULL);
INSERT INTO `t_ccs_user` VALUES ('admin1', 'd02e3985e310e186837265d774968737', '18013866221', '系统', '0', '0', '0', NULL, '20180522142335002', NULL, NULL, NULL, NULL);
INSERT INTO `t_ccs_user` VALUES ('Admin123', 'f9277477fc6238b01456aa4084edb202', '15380926575', '南京市', '3', '0', '14', NULL, '20180531163953099', '1', '1', NULL, NULL);
COMMIT;

-- ----------------------------
-- Table structure for t_ccs_user_permission
-- ----------------------------
DROP TABLE IF EXISTS `t_ccs_user_permission`;
CREATE TABLE `t_ccs_user_permission` (
  `F_ACCOUNT_NUMBER` varchar(100) DEFAULT NULL COMMENT '用户账号\r\n',
  `F_PERMISSION_CODE` varchar(100) DEFAULT NULL COMMENT '角色编码\r\n',
  `F_CREATE_TIME` varchar(100) DEFAULT NULL COMMENT '创建时间\r\n',
  `F_STATE` varchar(20) DEFAULT NULL COMMENT '是否启用（0启用 1未启用）\r\n',
  `F_UPDATE_TIME` varchar(20) DEFAULT NULL COMMENT '更新时间\r\n'
) ENGINE=InnoDB DEFAULT CHARSET=utf8;

-- ----------------------------
-- Records of t_ccs_user_permission
-- ----------------------------
BEGIN;
INSERT INTO `t_ccs_user_permission` VALUES ('admin', 'P10000', NULL, '0', NULL);
INSERT INTO `t_ccs_user_permission` VALUES ('admin', 'P10001', NULL, '0', NULL);
INSERT INTO `t_ccs_user_permission` VALUES ('admin', 'P10002', NULL, '0', NULL);
INSERT INTO `t_ccs_user_permission` VALUES ('admin', 'P10003', NULL, '0', NULL);
INSERT INTO `t_ccs_user_permission` VALUES ('admin', 'P10004', NULL, '0', NULL);
INSERT INTO `t_ccs_user_permission` VALUES ('admin', 'P10005', NULL, '0', NULL);
INSERT INTO `t_ccs_user_permission` VALUES ('admin', 'P10006', NULL, '0', NULL);
INSERT INTO `t_ccs_user_permission` VALUES ('admin', 'P10007', NULL, '0', NULL);
COMMIT;

-- ----------------------------
-- Table structure for t_ngc_authority
-- ----------------------------
DROP TABLE IF EXISTS `t_ngc_authority`;
CREATE TABLE `t_ngc_authority` (
  `ID` int(30) NOT NULL AUTO_INCREMENT,
  `name` varchar(200) NOT NULL,
  `role_id` int(50) DEFAULT NULL,
  PRIMARY KEY (`ID`)
) ENGINE=InnoDB AUTO_INCREMENT=7 DEFAULT CHARSET=utf8;

-- ----------------------------
-- Records of t_ngc_authority
-- ----------------------------
BEGIN;
INSERT INTO `t_ngc_authority` VALUES (1, '超级权限', NULL);
INSERT INTO `t_ngc_authority` VALUES (2, '普通权限', NULL);
INSERT INTO `t_ngc_authority` VALUES (3, '普通权限11', NULL);
COMMIT;

-- ----------------------------
-- Table structure for t_ngc_data
-- ----------------------------
DROP TABLE IF EXISTS `t_ngc_data`;
CREATE TABLE `t_ngc_data` (
  `id` int(30) NOT NULL,
  `a1` varchar(30) DEFAULT NULL,
  `a2` varchar(30) DEFAULT NULL,
  `a3` varchar(30) DEFAULT NULL,
  `a4` varchar(30) DEFAULT NULL,
  `a5` varchar(30) DEFAULT NULL,
  `a6` varchar(30) DEFAULT NULL,
  `a7` varchar(30) DEFAULT NULL,
  `a8` varchar(30) DEFAULT NULL,
  `a9` varchar(30) DEFAULT NULL,
  `a10` varchar(30) DEFAULT NULL,
  `a11` varchar(30) DEFAULT NULL,
  `a12` varchar(30) DEFAULT NULL,
  `a13` varchar(30) DEFAULT NULL,
  `a14` varchar(30) DEFAULT NULL,
  `a15` varchar(30) DEFAULT NULL,
  `a16` varchar(30) DEFAULT NULL,
  `a17` varchar(30) DEFAULT NULL,
  `a18` varchar(30) DEFAULT NULL,
  `a19` varchar(30) DEFAULT NULL,
  `a20` varchar(30) DEFAULT NULL,
  `a21` varchar(30) DEFAULT NULL,
  `a22` varchar(30) DEFAULT NULL,
  `a23` varchar(30) DEFAULT NULL,
  `a24` varchar(30) DEFAULT NULL,
  `a25` varchar(30) DEFAULT NULL,
  `a26` varchar(30) DEFAULT NULL,
  `a27` varchar(30) DEFAULT NULL,
  `a28` varchar(30) DEFAULT NULL,
  `a29` varchar(30) DEFAULT NULL,
  `a30` varchar(30) DEFAULT NULL,
  `a31` varchar(30) DEFAULT NULL,
  `a32` varchar(30) DEFAULT NULL,
  `a33` varchar(30) DEFAULT NULL,
  `a34` varchar(30) DEFAULT NULL,
  `a35` varchar(30) DEFAULT NULL,
  `a36` varchar(30) DEFAULT NULL,
  `a37` varchar(30) DEFAULT NULL,
  `a38` varchar(30) DEFAULT NULL,
  `a39` varchar(30) DEFAULT NULL,
  `a40` varchar(30) DEFAULT NULL,
  `a41` varchar(30) DEFAULT NULL,
  `a42` varchar(30) DEFAULT NULL,
  `a43` varchar(30) DEFAULT NULL,
  `a44` varchar(30) DEFAULT NULL,
  `a45` varchar(30) DEFAULT NULL,
  `a46` varchar(30) DEFAULT NULL,
  `a47` varchar(30) DEFAULT NULL,
  `a48` varchar(30) DEFAULT NULL,
  `a49` varchar(30) DEFAULT NULL,
  `a50` varchar(30) DEFAULT NULL,
  `a51` varchar(30) DEFAULT NULL,
  `a52` varchar(30) DEFAULT NULL,
  `a53` varchar(30) DEFAULT NULL,
  `a54` varchar(30) DEFAULT NULL,
  `a55` varchar(30) DEFAULT NULL,
  `a56` varchar(30) DEFAULT NULL,
  `a57` varchar(30) DEFAULT NULL,
  `a58` varchar(30) DEFAULT NULL,
  `a59` varchar(30) DEFAULT NULL,
  `a60` varchar(30) DEFAULT NULL,
  `a61` varchar(30) DEFAULT NULL,
  `a62` varchar(30) DEFAULT NULL,
  `a63` varchar(30) DEFAULT NULL,
  `a64` varchar(30) DEFAULT NULL,
  `a65` varchar(30) DEFAULT NULL,
  `a66` varchar(30) DEFAULT NULL,
  `a67` varchar(30) DEFAULT NULL,
  `a68` varchar(30) DEFAULT NULL,
  `a69` varchar(30) DEFAULT NULL,
  `a70` varchar(30) DEFAULT NULL,
  `a71` varchar(30) DEFAULT NULL,
  `a72` varchar(30) DEFAULT NULL,
  `a73` varchar(30) DEFAULT NULL,
  `a74` varchar(30) DEFAULT NULL,
  `a75` varchar(30) DEFAULT NULL,
  `a76` varchar(30) DEFAULT NULL,
  `a77` varchar(30) DEFAULT NULL,
  `a78` varchar(30) DEFAULT NULL,
  `a79` varchar(30) DEFAULT NULL,
  `a80` varchar(30) DEFAULT NULL,
  `a81` varchar(30) DEFAULT NULL,
  `a82` varchar(30) DEFAULT NULL,
  `a83` varchar(30) DEFAULT NULL,
  `a84` varchar(30) DEFAULT NULL,
  `a85` varchar(30) DEFAULT NULL,
  `a86` varchar(30) DEFAULT NULL,
  `a87` varchar(30) DEFAULT NULL,
  `a88` varchar(30) DEFAULT NULL,
  `a89` varchar(30) DEFAULT NULL,
  `a90` varchar(30) DEFAULT NULL,
  `a91` varchar(30) DEFAULT NULL,
  `a92` varchar(30) DEFAULT NULL,
  `a93` varchar(30) DEFAULT NULL,
  `a94` varchar(30) DEFAULT NULL,
  `a95` varchar(30) DEFAULT NULL,
  `a96` varchar(30) DEFAULT NULL,
  `a97` varchar(30) DEFAULT NULL,
  `a98` varchar(30) DEFAULT NULL,
  `a99` varchar(30) DEFAULT NULL,
  `a100` varchar(30) DEFAULT NULL,
  `a101` varchar(30) DEFAULT NULL,
  `a102` varchar(30) DEFAULT NULL,
  `a103` varchar(30) DEFAULT NULL,
  `a104` varchar(30) DEFAULT NULL,
  `a105` varchar(30) DEFAULT NULL,
  `a106` varchar(30) DEFAULT NULL,
  `a107` varchar(30) DEFAULT NULL,
  `a108` varchar(30) DEFAULT NULL,
  `a109` varchar(30) DEFAULT NULL,
  `a110` varchar(30) DEFAULT NULL,
  `a111` varchar(30) DEFAULT NULL,
  `a112` varchar(30) DEFAULT NULL,
  `a113` varchar(30) DEFAULT NULL,
  `a114` varchar(30) DEFAULT NULL,
  `a115` varchar(30) DEFAULT NULL,
  `a116` varchar(30) DEFAULT NULL,
  `a117` varchar(30) DEFAULT NULL,
  `a118` varchar(30) DEFAULT NULL,
  `a119` varchar(30) DEFAULT NULL,
  `a120` varchar(30) DEFAULT NULL,
  `a121` varchar(30) DEFAULT NULL,
  `a122` varchar(30) DEFAULT NULL,
  `a123` varchar(30) DEFAULT NULL,
  `a124` varchar(30) DEFAULT NULL,
  `a125` varchar(30) DEFAULT NULL,
  `a126` varchar(30) DEFAULT NULL,
  `a127` varchar(30) DEFAULT NULL,
  `a128` varchar(30) DEFAULT NULL,
  `a129` varchar(30) DEFAULT NULL,
  `a130` varchar(30) DEFAULT NULL,
  `a131` varchar(30) DEFAULT NULL,
  `a132` varchar(30) DEFAULT NULL,
  `a133` varchar(30) DEFAULT NULL,
  `a134` varchar(30) DEFAULT NULL,
  `a135` varchar(30) DEFAULT NULL,
  `a136` varchar(30) DEFAULT NULL,
  `a137` varchar(30) DEFAULT NULL,
  `a138` varchar(30) DEFAULT NULL,
  `a139` varchar(30) DEFAULT NULL,
  `a140` varchar(30) DEFAULT NULL,
  `a141` varchar(30) DEFAULT NULL,
  `a142` varchar(30) DEFAULT NULL,
  `a143` varchar(30) DEFAULT NULL,
  `a144` varchar(30) DEFAULT NULL,
  `a145` varchar(30) DEFAULT NULL,
  `a146` varchar(30) DEFAULT NULL,
  `a147` varchar(30) DEFAULT NULL,
  `a148` varchar(30) DEFAULT NULL,
  `a149` varchar(30) DEFAULT NULL,
  `a150` varchar(30) DEFAULT NULL,
  `a151` varchar(30) DEFAULT NULL,
  `a152` varchar(30) DEFAULT NULL,
  `a153` varchar(30) DEFAULT NULL,
  `a154` varchar(30) DEFAULT NULL,
  `a155` varchar(30) DEFAULT NULL,
  `a156` varchar(30) DEFAULT NULL,
  `a157` varchar(30) DEFAULT NULL,
  `a158` varchar(30) DEFAULT NULL,
  `a159` varchar(30) DEFAULT NULL,
  `a160` varchar(30) DEFAULT NULL,
  `a161` varchar(30) DEFAULT NULL,
  `a162` varchar(30) DEFAULT NULL,
  `a163` varchar(30) DEFAULT NULL,
  `a164` varchar(30) DEFAULT NULL,
  `a165` varchar(30) DEFAULT NULL,
  `a166` varchar(30) DEFAULT NULL,
  `a167` varchar(30) DEFAULT NULL,
  `a168` varchar(30) DEFAULT NULL,
  `a169` varchar(30) DEFAULT NULL,
  `a170` varchar(30) DEFAULT NULL,
  `a171` varchar(30) DEFAULT NULL,
  `a172` varchar(30) DEFAULT NULL,
  `a173` varchar(30) DEFAULT NULL,
  `a174` varchar(30) DEFAULT NULL,
  `a175` varchar(30) DEFAULT NULL,
  `a176` varchar(30) DEFAULT NULL,
  `a177` varchar(30) DEFAULT NULL,
  `a178` varchar(30) DEFAULT NULL,
  `a179` varchar(30) DEFAULT NULL,
  `a180` varchar(30) DEFAULT NULL,
  `a181` varchar(30) DEFAULT NULL,
  `a182` varchar(30) DEFAULT NULL,
  `a183` varchar(30) DEFAULT NULL,
  `a184` varchar(30) DEFAULT NULL,
  `a185` varchar(30) DEFAULT NULL,
  `a186` varchar(30) DEFAULT NULL,
  `a187` varchar(30) DEFAULT NULL,
  `a188` varchar(30) DEFAULT NULL,
  `a189` varchar(30) DEFAULT NULL,
  `a190` varchar(30) DEFAULT NULL,
  `a191` varchar(30) DEFAULT NULL,
  `a192` varchar(30) DEFAULT NULL,
  `a193` varchar(30) DEFAULT NULL,
  `a194` varchar(30) DEFAULT NULL,
  `a195` varchar(30) DEFAULT NULL,
  `a196` varchar(30) DEFAULT NULL,
  `a197` varchar(30) DEFAULT NULL,
  `a198` varchar(30) DEFAULT NULL,
  `a199` varchar(30) DEFAULT NULL,
  `a200` varchar(30) DEFAULT NULL,
  `a201` varchar(30) DEFAULT NULL,
  `a202` varchar(30) DEFAULT NULL,
  `a203` varchar(30) DEFAULT NULL,
  `a204` varchar(30) DEFAULT NULL,
  `a205` varchar(30) DEFAULT NULL,
  `a206` varchar(30) DEFAULT NULL,
  `a207` varchar(30) DEFAULT NULL,
  `a208` varchar(30) DEFAULT NULL,
  `a209` varchar(30) DEFAULT NULL,
  `a210` varchar(30) DEFAULT NULL,
  `a211` varchar(30) DEFAULT NULL,
  `a212` varchar(30) DEFAULT NULL,
  `a213` varchar(30) DEFAULT NULL,
  `a214` varchar(30) DEFAULT NULL,
  `a215` varchar(30) DEFAULT NULL,
  `a216` varchar(30) DEFAULT NULL,
  `a217` varchar(30) DEFAULT NULL,
  `a218` varchar(30) DEFAULT NULL,
  `a219` varchar(30) DEFAULT NULL,
  `a220` varchar(30) DEFAULT NULL,
  `a221` varchar(30) DEFAULT NULL,
  `a222` varchar(30) DEFAULT NULL,
  `a223` varchar(30) DEFAULT NULL,
  `pageNo` int(10) NOT NULL
) ENGINE=InnoDB DEFAULT CHARSET=utf8 ROW_FORMAT=COMPACT;

-- ----------------------------
-- Table structure for t_ngc_data_copy1
-- ----------------------------
DROP TABLE IF EXISTS `t_ngc_data_copy1`;
CREATE TABLE `t_ngc_data_copy1` (
  `id` int(30) NOT NULL,
  `a1` varchar(30) DEFAULT NULL,
  `a2` varchar(30) DEFAULT NULL,
  `a3` varchar(30) DEFAULT NULL,
  `a4` varchar(30) DEFAULT NULL,
  `a5` varchar(30) DEFAULT NULL,
  `a6` varchar(30) DEFAULT NULL,
  `a7` varchar(30) DEFAULT NULL,
  `a8` varchar(30) DEFAULT NULL,
  `a9` varchar(30) DEFAULT NULL,
  `a10` varchar(30) DEFAULT NULL,
  `a11` varchar(30) DEFAULT NULL,
  `a12` varchar(30) DEFAULT NULL,
  `a13` varchar(30) DEFAULT NULL,
  `a14` varchar(30) DEFAULT NULL,
  `a15` varchar(30) DEFAULT NULL,
  `a16` varchar(30) DEFAULT NULL,
  `a17` varchar(30) DEFAULT NULL,
  `a18` varchar(30) DEFAULT NULL,
  `a19` varchar(30) DEFAULT NULL,
  `a20` varchar(30) DEFAULT NULL,
  `a21` varchar(30) DEFAULT NULL,
  `a22` varchar(30) DEFAULT NULL,
  `a23` varchar(30) DEFAULT NULL,
  `a24` varchar(30) DEFAULT NULL,
  `a25` varchar(30) DEFAULT NULL,
  `a26` varchar(30) DEFAULT NULL,
  `a27` varchar(30) DEFAULT NULL,
  `a28` varchar(30) DEFAULT NULL,
  `a29` varchar(30) DEFAULT NULL,
  `a30` varchar(30) DEFAULT NULL,
  `a31` varchar(30) DEFAULT NULL,
  `a32` varchar(30) DEFAULT NULL,
  `a33` varchar(30) DEFAULT NULL,
  `a34` varchar(30) DEFAULT NULL,
  `a35` varchar(30) DEFAULT NULL,
  `a36` varchar(30) DEFAULT NULL,
  `a37` varchar(30) DEFAULT NULL,
  `a38` varchar(30) DEFAULT NULL,
  `a39` varchar(30) DEFAULT NULL,
  `a40` varchar(30) DEFAULT NULL,
  `a41` varchar(30) DEFAULT NULL,
  `a42` varchar(30) DEFAULT NULL,
  `a43` varchar(30) DEFAULT NULL,
  `a44` varchar(30) DEFAULT NULL,
  `a45` varchar(30) DEFAULT NULL,
  `a46` varchar(30) DEFAULT NULL,
  `a47` varchar(30) DEFAULT NULL,
  `a48` varchar(30) DEFAULT NULL,
  `a49` varchar(30) DEFAULT NULL,
  `a50` varchar(30) DEFAULT NULL,
  `a51` varchar(30) DEFAULT NULL,
  `a52` varchar(30) DEFAULT NULL,
  `a53` varchar(30) DEFAULT NULL,
  `a54` varchar(30) DEFAULT NULL,
  `a55` varchar(30) DEFAULT NULL,
  `a56` varchar(30) DEFAULT NULL,
  `a57` varchar(30) DEFAULT NULL,
  `a58` varchar(30) DEFAULT NULL,
  `a59` varchar(30) DEFAULT NULL,
  `a60` varchar(30) DEFAULT NULL,
  `a61` varchar(30) DEFAULT NULL,
  `a62` varchar(30) DEFAULT NULL,
  `a63` varchar(30) DEFAULT NULL,
  `a64` varchar(30) DEFAULT NULL,
  `a65` varchar(30) DEFAULT NULL,
  `a66` varchar(30) DEFAULT NULL,
  `a67` varchar(30) DEFAULT NULL,
  `a68` varchar(30) DEFAULT NULL,
  `a69` varchar(30) DEFAULT NULL,
  `a70` varchar(30) DEFAULT NULL,
  `a71` varchar(30) DEFAULT NULL,
  `a72` varchar(30) DEFAULT NULL,
  `a73` varchar(30) DEFAULT NULL,
  `a74` varchar(30) DEFAULT NULL,
  `a75` varchar(30) DEFAULT NULL,
  `a76` varchar(30) DEFAULT NULL,
  `a77` varchar(30) DEFAULT NULL,
  `a78` varchar(30) DEFAULT NULL,
  `a79` varchar(30) DEFAULT NULL,
  `a80` varchar(30) DEFAULT NULL,
  `a81` varchar(30) DEFAULT NULL,
  `a82` varchar(30) DEFAULT NULL,
  `a83` varchar(30) DEFAULT NULL,
  `a84` varchar(30) DEFAULT NULL,
  `a85` varchar(30) DEFAULT NULL,
  `a86` varchar(30) DEFAULT NULL,
  `a87` varchar(30) DEFAULT NULL,
  `a88` varchar(30) DEFAULT NULL,
  `a89` varchar(30) DEFAULT NULL,
  `a90` varchar(30) DEFAULT NULL,
  `a91` varchar(30) DEFAULT NULL,
  `a92` varchar(30) DEFAULT NULL,
  `a93` varchar(30) DEFAULT NULL,
  `a94` varchar(30) DEFAULT NULL,
  `a95` varchar(30) DEFAULT NULL,
  `a96` varchar(30) DEFAULT NULL,
  `a97` varchar(30) DEFAULT NULL,
  `a98` varchar(30) DEFAULT NULL,
  `a99` varchar(30) DEFAULT NULL,
  `a100` varchar(30) DEFAULT NULL,
  `a101` varchar(30) DEFAULT NULL,
  `a102` varchar(30) DEFAULT NULL,
  `a103` varchar(30) DEFAULT NULL,
  `a104` varchar(30) DEFAULT NULL,
  `a105` varchar(30) DEFAULT NULL,
  `a106` varchar(30) DEFAULT NULL,
  `a107` varchar(30) DEFAULT NULL,
  `a108` varchar(30) DEFAULT NULL,
  `a109` varchar(30) DEFAULT NULL,
  `a110` varchar(30) DEFAULT NULL,
  `a111` varchar(30) DEFAULT NULL,
  `a112` varchar(30) DEFAULT NULL,
  `a113` varchar(30) DEFAULT NULL,
  `a114` varchar(30) DEFAULT NULL,
  `a115` varchar(30) DEFAULT NULL,
  `a116` varchar(30) DEFAULT NULL,
  `a117` varchar(30) DEFAULT NULL,
  `a118` varchar(30) DEFAULT NULL,
  `a119` varchar(30) DEFAULT NULL,
  `a120` varchar(30) DEFAULT NULL,
  `a121` varchar(30) DEFAULT NULL,
  `a122` varchar(30) DEFAULT NULL,
  `a123` varchar(30) DEFAULT NULL,
  `a124` varchar(30) DEFAULT NULL,
  `a125` varchar(30) DEFAULT NULL,
  `a126` varchar(30) DEFAULT NULL,
  `a127` varchar(30) DEFAULT NULL,
  `a128` varchar(30) DEFAULT NULL,
  `a129` varchar(30) DEFAULT NULL,
  `a130` varchar(30) DEFAULT NULL,
  `a131` varchar(30) DEFAULT NULL,
  `a132` varchar(30) DEFAULT NULL,
  `a133` varchar(30) DEFAULT NULL,
  `a134` varchar(30) DEFAULT NULL,
  `a135` varchar(30) DEFAULT NULL,
  `a136` varchar(30) DEFAULT NULL,
  `a137` varchar(30) DEFAULT NULL,
  `a138` varchar(30) DEFAULT NULL,
  `a139` varchar(30) DEFAULT NULL,
  `a140` varchar(30) DEFAULT NULL,
  `a141` varchar(30) DEFAULT NULL,
  `a142` varchar(30) DEFAULT NULL,
  `a143` varchar(30) DEFAULT NULL,
  `a144` varchar(30) DEFAULT NULL,
  `a145` varchar(30) DEFAULT NULL,
  `a146` varchar(30) DEFAULT NULL,
  `a147` varchar(30) DEFAULT NULL,
  `a148` varchar(30) DEFAULT NULL,
  `a149` varchar(30) DEFAULT NULL,
  `a150` varchar(30) DEFAULT NULL,
  `a151` varchar(30) DEFAULT NULL,
  `a152` varchar(30) DEFAULT NULL,
  `a153` varchar(30) DEFAULT NULL,
  `a154` varchar(30) DEFAULT NULL,
  `a155` varchar(30) DEFAULT NULL,
  `a156` varchar(30) DEFAULT NULL,
  `a157` varchar(30) DEFAULT NULL,
  `a158` varchar(30) DEFAULT NULL,
  `a159` varchar(30) DEFAULT NULL,
  `a160` varchar(30) DEFAULT NULL,
  `a161` varchar(30) DEFAULT NULL,
  `a162` varchar(30) DEFAULT NULL,
  `a163` varchar(30) DEFAULT NULL,
  `a164` varchar(30) DEFAULT NULL,
  `a165` varchar(30) DEFAULT NULL,
  `a166` varchar(30) DEFAULT NULL,
  `a167` varchar(30) DEFAULT NULL,
  `a168` varchar(30) DEFAULT NULL,
  `a169` varchar(30) DEFAULT NULL,
  `a170` varchar(30) DEFAULT NULL,
  `a171` varchar(30) DEFAULT NULL,
  `a172` varchar(30) DEFAULT NULL,
  `a173` varchar(30) DEFAULT NULL,
  `a174` varchar(30) DEFAULT NULL,
  `a175` varchar(30) DEFAULT NULL,
  `a176` varchar(30) DEFAULT NULL,
  `a177` varchar(30) DEFAULT NULL,
  `a178` varchar(30) DEFAULT NULL,
  `a179` varchar(30) DEFAULT NULL,
  `a180` varchar(30) DEFAULT NULL,
  `a181` varchar(30) DEFAULT NULL,
  `a182` varchar(30) DEFAULT NULL,
  `a183` varchar(30) DEFAULT NULL,
  `a184` varchar(30) DEFAULT NULL,
  `a185` varchar(30) DEFAULT NULL,
  `a186` varchar(30) DEFAULT NULL,
  `a187` varchar(30) DEFAULT NULL,
  `a188` varchar(30) DEFAULT NULL,
  `a189` varchar(30) DEFAULT NULL,
  `a190` varchar(30) DEFAULT NULL,
  `a191` varchar(30) DEFAULT NULL,
  `a192` varchar(30) DEFAULT NULL,
  `a193` varchar(30) DEFAULT NULL,
  `a194` varchar(30) DEFAULT NULL,
  `a195` varchar(30) DEFAULT NULL,
  `a196` varchar(30) DEFAULT NULL,
  `a197` varchar(30) DEFAULT NULL,
  `a198` varchar(30) DEFAULT NULL,
  `a199` varchar(30) DEFAULT NULL,
  `a200` varchar(30) DEFAULT NULL,
  `a201` varchar(30) DEFAULT NULL,
  `a202` varchar(30) DEFAULT NULL,
  `a203` varchar(30) DEFAULT NULL,
  `a204` varchar(30) DEFAULT NULL,
  `a205` varchar(30) DEFAULT NULL,
  `a206` varchar(30) DEFAULT NULL,
  `a207` varchar(30) DEFAULT NULL,
  `a208` varchar(30) DEFAULT NULL,
  `a209` varchar(30) DEFAULT NULL,
  `a210` varchar(30) DEFAULT NULL,
  `a211` varchar(30) DEFAULT NULL,
  `a212` varchar(30) DEFAULT NULL,
  `a213` varchar(30) DEFAULT NULL,
  `a214` varchar(30) DEFAULT NULL,
  `a215` varchar(30) DEFAULT NULL,
  `a216` varchar(30) DEFAULT NULL,
  `a217` varchar(30) DEFAULT NULL,
  `a218` varchar(30) DEFAULT NULL,
  `a219` varchar(30) DEFAULT NULL,
  `a220` varchar(30) DEFAULT NULL,
  `a221` varchar(30) DEFAULT NULL,
  `a222` varchar(30) DEFAULT NULL,
  `a223` varchar(30) DEFAULT NULL,
  `pageNo` int(10) NOT NULL
) ENGINE=InnoDB DEFAULT CHARSET=utf8 ROW_FORMAT=COMPACT;

-- ----------------------------
-- Table structure for t_ngc_factory
-- ----------------------------
DROP TABLE IF EXISTS `t_ngc_factory`;
CREATE TABLE `t_ngc_factory` (
  `id` int(30) NOT NULL AUTO_INCREMENT,
  `name` varchar(200) NOT NULL,
  `number` varchar(100) NOT NULL,
  `address` varchar(300) NOT NULL,
  PRIMARY KEY (`id`)
) ENGINE=InnoDB AUTO_INCREMENT=4 DEFAULT CHARSET=utf8;

-- ----------------------------
-- Records of t_ngc_factory
-- ----------------------------
BEGIN;
INSERT INTO `t_ngc_factory` VALUES (1, '测试工厂1', '001', '江苏南京市江宁区溯源大道');
INSERT INTO `t_ngc_factory` VALUES (2, '测试工厂2', '002', '江苏省南京市鼓楼区');
COMMIT;

-- ----------------------------
-- Table structure for t_ngc_menu
-- ----------------------------
DROP TABLE IF EXISTS `t_ngc_menu`;
CREATE TABLE `t_ngc_menu` (
  `roleID` int(30) NOT NULL,
  `authorityID` int(30) NOT NULL
) ENGINE=InnoDB DEFAULT CHARSET=utf8;

-- ----------------------------
-- Records of t_ngc_menu
-- ----------------------------
BEGIN;
INSERT INTO `t_ngc_menu` VALUES (0, 1);
INSERT INTO `t_ngc_menu` VALUES (0, 2);
INSERT INTO `t_ngc_menu` VALUES (0, 3);
INSERT INTO `t_ngc_menu` VALUES (1, 2);
INSERT INTO `t_ngc_menu` VALUES (1, 3);
INSERT INTO `t_ngc_menu` VALUES (2, 2);
INSERT INTO `t_ngc_menu` VALUES (2, 3);
COMMIT;

-- ----------------------------
-- Table structure for t_ngc_role
-- ----------------------------
DROP TABLE IF EXISTS `t_ngc_role`;
CREATE TABLE `t_ngc_role` (
  `id` int(100) NOT NULL AUTO_INCREMENT,
  `role_name` varchar(100) NOT NULL,
  `role_number` varchar(50) NOT NULL,
  PRIMARY KEY (`id`)
) ENGINE=InnoDB AUTO_INCREMENT=3 DEFAULT CHARSET=utf8;

-- ----------------------------
-- Records of t_ngc_role
-- ----------------------------
BEGIN;
INSERT INTO `t_ngc_role` VALUES (0, '系统管理员', '000');
INSERT INTO `t_ngc_role` VALUES (1, '模板管理员1', '002');
COMMIT;

-- ----------------------------
-- Table structure for tb_map
-- ----------------------------
DROP TABLE IF EXISTS `tb_map`;
CREATE TABLE `tb_map` (
  `a1` varchar(40) DEFAULT NULL,
  `a2` varchar(40) DEFAULT NULL,
  `a3` varchar(40) DEFAULT NULL,
  `a4` varchar(40) DEFAULT NULL,
  `a5` varchar(40) DEFAULT NULL,
  `a6` varchar(40) DEFAULT NULL,
  `a7` varchar(40) DEFAULT NULL,
  `a8` varchar(40) DEFAULT NULL,
  `a9` varchar(40) DEFAULT NULL,
  `a10` varchar(40) DEFAULT NULL,
  `a11` varchar(40) DEFAULT NULL,
  `a12` varchar(40) DEFAULT NULL,
  `a13` varchar(40) DEFAULT NULL,
  `a14` varchar(40) DEFAULT NULL,
  `a15` varchar(40) DEFAULT NULL,
  `a16` varchar(40) DEFAULT NULL,
  `a17` varchar(40) DEFAULT NULL,
  `a18` varchar(40) DEFAULT NULL,
  `a19` varchar(40) DEFAULT NULL,
  `a20` varchar(40) DEFAULT NULL,
  `a21` varchar(40) DEFAULT NULL,
  `a22` varchar(40) DEFAULT NULL,
  `a23` varchar(40) DEFAULT NULL,
  `a24` varchar(40) DEFAULT NULL,
  `a25` varchar(40) DEFAULT NULL,
  `a26` varchar(40) DEFAULT NULL,
  `a27` varchar(40) DEFAULT NULL,
  `a28` varchar(40) DEFAULT NULL,
  `a29` varchar(40) DEFAULT NULL,
  `a30` varchar(40) DEFAULT NULL,
  `a31` varchar(40) DEFAULT NULL,
  `a32` varchar(40) DEFAULT NULL,
  `a33` varchar(40) DEFAULT NULL,
  `a34` varchar(40) DEFAULT NULL,
  `a35` varchar(40) DEFAULT NULL,
  `a36` varchar(40) DEFAULT NULL,
  `a37` varchar(40) DEFAULT NULL,
  `a38` varchar(40) DEFAULT NULL,
  `a39` varchar(40) DEFAULT NULL,
  `a40` varchar(40) DEFAULT NULL,
  `a41` varchar(40) DEFAULT NULL,
  `a42` varchar(40) DEFAULT NULL,
  `a43` varchar(40) DEFAULT NULL,
  `a44` varchar(40) DEFAULT NULL,
  `a45` varchar(40) DEFAULT NULL,
  `a46` varchar(40) DEFAULT NULL,
  `a47` varchar(40) DEFAULT NULL,
  `a48` varchar(40) DEFAULT NULL,
  `a49` varchar(40) DEFAULT NULL,
  `a50` varchar(40) DEFAULT NULL,
  `a51` varchar(40) DEFAULT NULL,
  `a52` varchar(40) DEFAULT NULL,
  `a53` varchar(40) DEFAULT NULL,
  `a54` varchar(40) DEFAULT NULL,
  `a55` varchar(40) DEFAULT NULL,
  `a56` varchar(40) DEFAULT NULL,
  `a57` varchar(40) DEFAULT NULL,
  `a58` varchar(40) DEFAULT NULL,
  `a59` varchar(40) DEFAULT NULL,
  `a60` varchar(40) DEFAULT NULL,
  `a61` varchar(40) DEFAULT NULL,
  `a62` varchar(40) DEFAULT NULL,
  `a63` varchar(40) DEFAULT NULL,
  `a64` varchar(40) DEFAULT NULL,
  `a65` varchar(40) DEFAULT NULL,
  `a66` varchar(40) DEFAULT NULL,
  `a67` varchar(40) DEFAULT NULL,
  `a68` varchar(40) DEFAULT NULL,
  `a69` varchar(40) DEFAULT NULL,
  `a70` varchar(40) DEFAULT NULL,
  `a71` varchar(40) DEFAULT NULL,
  `a72` varchar(40) DEFAULT NULL,
  `a73` varchar(40) DEFAULT NULL,
  `a74` varchar(40) DEFAULT NULL,
  `a75` varchar(40) DEFAULT NULL,
  `a76` varchar(40) DEFAULT NULL,
  `a77` varchar(40) DEFAULT NULL,
  `a78` varchar(40) DEFAULT NULL,
  `a79` varchar(40) DEFAULT NULL,
  `a80` varchar(40) DEFAULT NULL,
  `a81` varchar(40) DEFAULT NULL,
  `a82` varchar(40) DEFAULT NULL,
  `a83` varchar(40) DEFAULT NULL,
  `a84` varchar(40) DEFAULT NULL,
  `a85` varchar(40) DEFAULT NULL,
  `a86` varchar(40) DEFAULT NULL,
  `a87` varchar(40) DEFAULT NULL,
  `a88` varchar(40) DEFAULT NULL,
  `a89` varchar(40) DEFAULT NULL,
  `a90` varchar(40) DEFAULT NULL,
  `a91` varchar(40) DEFAULT NULL,
  `a92` varchar(40) DEFAULT NULL,
  `a93` varchar(40) DEFAULT NULL,
  `a94` varchar(40) DEFAULT NULL,
  `a95` varchar(40) DEFAULT NULL,
  `a96` varchar(40) DEFAULT NULL,
  `a97` varchar(40) DEFAULT NULL,
  `a98` varchar(40) DEFAULT NULL,
  `a99` varchar(40) DEFAULT NULL,
  `a100` varchar(40) DEFAULT NULL,
  `a101` varchar(40) DEFAULT NULL,
  `a102` varchar(40) DEFAULT NULL,
  `a103` varchar(40) DEFAULT NULL,
  `a104` varchar(40) DEFAULT NULL,
  `a105` varchar(40) DEFAULT NULL,
  `a106` varchar(40) DEFAULT NULL,
  `a107` varchar(40) DEFAULT NULL,
  `a108` varchar(40) DEFAULT NULL,
  `a109` varchar(40) DEFAULT NULL,
  `a110` varchar(40) DEFAULT NULL,
  `a111` varchar(40) DEFAULT NULL,
  `a112` varchar(40) DEFAULT NULL,
  `a113` varchar(40) DEFAULT NULL,
  `a114` varchar(40) DEFAULT NULL,
  `a115` varchar(40) DEFAULT NULL,
  `a116` varchar(40) DEFAULT NULL,
  `a117` varchar(40) DEFAULT NULL,
  `a118` varchar(40) DEFAULT NULL,
  `a119` varchar(40) DEFAULT NULL,
  `a120` varchar(40) DEFAULT NULL,
  `a121` varchar(40) DEFAULT NULL,
  `a122` varchar(40) DEFAULT NULL,
  `a123` varchar(40) DEFAULT NULL,
  `a124` varchar(40) DEFAULT NULL,
  `a125` varchar(40) DEFAULT NULL,
  `a126` varchar(40) DEFAULT NULL,
  `a127` varchar(40) DEFAULT NULL,
  `a128` varchar(40) DEFAULT NULL,
  `a129` varchar(40) DEFAULT NULL,
  `a130` varchar(40) DEFAULT NULL,
  `a131` varchar(40) DEFAULT NULL,
  `a132` varchar(40) DEFAULT NULL,
  `a133` varchar(40) DEFAULT NULL,
  `a134` varchar(40) DEFAULT NULL,
  `a135` varchar(40) DEFAULT NULL,
  `a136` varchar(40) DEFAULT NULL,
  `a137` varchar(40) DEFAULT NULL,
  `a138` varchar(40) DEFAULT NULL,
  `a139` varchar(40) DEFAULT NULL,
  `a140` varchar(40) DEFAULT NULL,
  `a141` varchar(40) DEFAULT NULL,
  `a142` varchar(40) DEFAULT NULL,
  `a143` varchar(40) DEFAULT NULL,
  `a144` varchar(40) DEFAULT NULL,
  `a145` varchar(40) DEFAULT NULL,
  `a146` varchar(40) DEFAULT NULL,
  `a147` varchar(40) DEFAULT NULL,
  `a148` varchar(40) DEFAULT NULL,
  `a149` varchar(40) DEFAULT NULL,
  `a150` varchar(40) DEFAULT NULL,
  `a151` varchar(40) DEFAULT NULL,
  `a152` varchar(40) DEFAULT NULL,
  `a153` varchar(40) DEFAULT NULL,
  `a154` varchar(40) DEFAULT NULL,
  `a155` varchar(40) DEFAULT NULL,
  `a156` varchar(40) DEFAULT NULL,
  `a157` varchar(40) DEFAULT NULL,
  `a158` varchar(40) DEFAULT NULL,
  `a159` varchar(40) DEFAULT NULL,
  `a160` varchar(40) DEFAULT NULL,
  `a161` varchar(40) DEFAULT NULL,
  `a162` varchar(40) DEFAULT NULL,
  `a163` varchar(40) DEFAULT NULL,
  `a164` varchar(40) DEFAULT NULL,
  `a165` varchar(40) DEFAULT NULL,
  `a166` varchar(40) DEFAULT NULL,
  `a167` varchar(40) DEFAULT NULL,
  `a168` varchar(40) DEFAULT NULL,
  `a169` varchar(40) DEFAULT NULL,
  `a170` varchar(40) DEFAULT NULL,
  `a171` varchar(40) DEFAULT NULL,
  `a172` varchar(40) DEFAULT NULL,
  `a173` varchar(40) DEFAULT NULL,
  `a174` varchar(40) DEFAULT NULL,
  `a175` varchar(40) DEFAULT NULL,
  `a176` varchar(40) DEFAULT NULL,
  `a177` varchar(40) DEFAULT NULL,
  `a178` varchar(40) DEFAULT NULL,
  `a179` varchar(40) DEFAULT NULL,
  `a180` varchar(40) DEFAULT NULL,
  `a181` varchar(40) DEFAULT NULL,
  `a182` varchar(40) DEFAULT NULL,
  `a183` varchar(40) DEFAULT NULL,
  `a184` varchar(40) DEFAULT NULL,
  `a185` varchar(40) DEFAULT NULL,
  `a186` varchar(40) DEFAULT NULL,
  `a187` varchar(40) DEFAULT NULL,
  `a188` varchar(40) DEFAULT NULL,
  `a189` varchar(40) DEFAULT NULL,
  `a190` varchar(40) DEFAULT NULL,
  `a191` varchar(40) DEFAULT NULL,
  `a192` varchar(40) DEFAULT NULL,
  `a193` varchar(40) DEFAULT NULL,
  `a194` varchar(40) DEFAULT NULL,
  `a195` varchar(40) DEFAULT NULL,
  `a196` varchar(40) DEFAULT NULL,
  `a197` varchar(40) DEFAULT NULL,
  `a198` varchar(40) DEFAULT NULL,
  `a199` varchar(40) DEFAULT NULL,
  `a200` varchar(40) DEFAULT NULL,
  `a201` varchar(40) DEFAULT NULL,
  `a202` varchar(40) DEFAULT NULL,
  `a203` varchar(40) DEFAULT NULL,
  `a204` varchar(40) DEFAULT NULL,
  `a205` varchar(40) DEFAULT NULL,
  `a206` varchar(40) DEFAULT NULL,
  `a207` varchar(40) DEFAULT NULL,
  `a208` varchar(40) DEFAULT NULL,
  `a209` varchar(40) DEFAULT NULL,
  `a210` varchar(40) DEFAULT NULL,
  `a211` varchar(40) DEFAULT NULL,
  `a212` varchar(40) DEFAULT NULL,
  `a213` varchar(40) DEFAULT NULL,
  `a214` varchar(40) DEFAULT NULL,
  `a215` varchar(40) DEFAULT NULL,
  `a216` varchar(40) DEFAULT NULL,
  `a217` varchar(40) DEFAULT NULL,
  `a218` varchar(40) DEFAULT NULL,
  `a219` varchar(40) DEFAULT NULL,
  `a220` varchar(40) DEFAULT NULL,
  `a221` varchar(40) DEFAULT NULL,
  `a222` varchar(40) DEFAULT NULL,
  `a223` varchar(40) DEFAULT NULL
) ENGINE=InnoDB DEFAULT CHARSET=utf8;

-- ----------------------------
-- Records of tb_map
-- ----------------------------
BEGIN;
INSERT INTO `tb_map` VALUES ('Prog.No.', 'Operator', 'Date', 'Type', 'Drawing No.', 'Order No.', 'Cunt./Mach. No.', 'No. of teeth', 'Module m', 'Pressure angle', 'Helix angle', 'Base Cir. φ db', 'Base helix angle', 'Face Width', 'Length Ev. Lα', 'Length Ev. Lβ', 'Appr. Length M1', 'Stylueφ', 'Add. Mod.Cooff x', 'Loc. Of check', NULL, 'fHαm L(标准)', 'fHαmL (标准) 等级', 'fHαmR(标准)', 'fHαmR (标准) 等级', 'fHαm (L)', 'fHαm (L) 等级', 'fHαm (L) 极差', 'fHαm (R)', 'fHαm (R) 等级', 'fHαm (R) 极差', 'fHαL(标准) ', 'fHαL(标准) 等级', 'fHαR(标准) ', 'fHαR(标准) 等级', 'FαL(标准)', 'FαL(标准) 等级', 'FαR(标准)', 'FαR(标准) 等级', 'ffαL(标准)', 'ffαL(标准) 等级', 'ffαR(标准)', 'ffαR(标准) 等级', 'CαL(标准)', 'CαR(标准)', 'fFu L(标准)', 'fFu R(标准)', 'fKoL (标准)', 'fKo R(标准)', 'fHα(L) [1]', 'fHα(L) 等级 [1]', 'Fα(L) [1]', 'Fα(L) 等级 [1]', 'ffα(L) [1]', 'ffα(L) 等级 [1]', 'Cα(L) [1]', 'fFu (L) [1]', 'fKo (L) [1]', 'fHα(R) [1]', 'fHα(R) 等级 [1]', 'Fα(R) [1]', 'Fα(R) 等级 [1]', 'ffα(R) [1]', 'ffα(R) 等级 [1]', 'Cα(R) [1]', 'fFu (R) [1]', 'fKo (R) [1]', 'fHα(L) [2]', 'fHα(L) 等级 [2]', 'Fα(L) [2]', 'Fα(L) 等级 [2]', 'ffα(L) [2]', 'ffα(L) 等级 [2]', 'Cα(L) [2]', 'fFu (L) [2]', 'fKo (L) [2]', 'fHα(R) [2]', 'fHα(R) 等级 [2]', 'Fα(R) [2]', 'Fα(R) 等级 [2]', 'ffα(R) [2]', 'ffα(R) 等级 [2]', 'Cα(R) [2]', 'fFu (R) [2]', 'fKo (R) [2]', 'fHα(L) [3]', 'fHα(L) 等级 [3]', 'Fα(L) [3]', 'Fα(L) 等级 [3]', 'ffα(L) [3]', 'ffα(L) 等级 [3]', 'Cα(L) [3]', 'fFu (L) [3]', 'fKo (L) [3]', 'fHα(R) [3]', 'fHα(R) 等级 [3]', 'Fα(R) [3]', 'Fα(R) 等级 [3]', 'ffα(R) [3]', 'ffα(R) 等级 [3]', 'Cα(R) [3]', 'fFu (R) [3]', 'fKo (R) [3]', 'fHβm L(标准)', 'fHβmL (标准) 等级', 'fHβmR (标准)', 'fHβmR (标准) 等级', 'fHβm (L)', 'fHβm (L) 等级', 'fHβm (L) 极差', 'fHβm (R)', 'fHβm (R) 等级', 'fHβm (R) 极差', 'fHβL(标准)', 'fHβL(标准) 等级', 'fHβR(标准)', 'fHβR(标准) 等级', 'FβL(标准)', 'FβL(标准) 等级', 'FβR(标准)', 'FβR(标准) 等级', 'ffβL(标准)', 'ffβL(标准) 等级', 'ffβR(标准)', 'ffβR(标准) 等级', 'CβL(标准)', 'CβR(标准)', 'fuL(标准)', 'fuR(标准)', 'foL(标准)', 'foR(标准)', 'fHβ(L) [1]', 'fHβ(L) 等级 [1]', 'Fβ(L) [1]', 'Fβ(L) 等级 [1]', 'ffβ(L) [1]', 'ffβ(L) 等级 [1]', 'Cβ(L) [1]', 'fu(L) [1]', 'fo(L) [1]', 'fHβ(R) [1]', 'fHβ(R) 等级 [1]', 'Fβ(R) [1]', 'Fβ(R) 等级 [1]', 'ffβ(R) [1]', 'ffβ(R) 等级 [1]', 'Cβ(R) [1]', 'fu(R) [1]', 'fo(R) [1]', 'fHβ(L) [2]', 'fHβ(L) 等级 [2]', 'Fβ(L) [2]', 'Fβ(L) 等级 [2]', 'ffβ(L) [2]', 'ffβ(L) 等级 [2]', 'Cβ(L) [2]', 'fu(L) [2]', 'fo(L) [2]', 'fHβ(R) [2]', 'fHβ(R) 等级 [2]', 'Fβ(R) [2]', 'Fβ(R) [2]', 'ffβ(R) [2]', 'ffβ(R) 等级 [2]', 'Cβ(R) [2]', 'fu(R) [2]', 'fo(R) [2]', 'fHβ(L) [3]', 'fHβ(L) 等级 [3]', 'Fβ(L) [3]', 'Fβ(L) 等级 [3]', 'ffβ(L) [3]', 'ffβ(L) 等级 [3]', 'Cβ(L) [3]', 'fu(L) [3]', 'fo(L) [3]', 'fHβ(R) [3]', 'fHβ(R) 等级 [3]', 'Fβ(R) [3]', 'Fβ(R) 等级 [3]', 'ffβ(R) [3]', 'ffβ(R) 等级 [3]', 'Cβ(R) [3]', 'fu(R) [3]', 'fo(R) [3]', 'fptL(标准)', 'fptL (标准) 等级', 'fptR(标准)', 'fptR (标准) 等级', 'FpL (标准)', 'FpL (标准) 等级', 'FpR (标准)', 'FpR(标准) 等级', 'Fp8L (标准)', 'Fp8L (标准) 等级', 'Fp8R (标准)', 'Fp8R (标准) 等级', 'fpt (L)', 'fpt (L) 等级', 'fu max (L)', 'Rp (L)', 'Fp (L)', 'Fp (L) 等级', 'Fp8 (L)', 'Fp8 (L) 等级', 'fpt (R)', 'fpt (R) 等级', 'fu max (R)', 'Rp (R)', 'Fp (R)', 'Fp (R) 等级', 'Fp8 (R)', 'Fp8 (R) 等级', 'Fr (标准)', 'Fr (标准) 等级', 'Rs (标准)', 'Rs (标准) 等级', 'Fr', 'Fr 等级', 'Rs', 'Rs 等级', '齿形图', '周累图');
COMMIT;

-- ----------------------------
-- Table structure for tb_template
-- ----------------------------
DROP TABLE IF EXISTS `tb_template`;
CREATE TABLE `tb_template` (
  `id` int(10) NOT NULL,
  `template_name` varchar(30) NOT NULL,
  `a1` varchar(30) DEFAULT NULL,
  `a2` varchar(30) DEFAULT NULL,
  `a3` varchar(30) DEFAULT NULL,
  `a4` varchar(30) DEFAULT NULL,
  `a5` varchar(30) DEFAULT NULL,
  `a6` varchar(30) DEFAULT NULL,
  `a7` varchar(30) DEFAULT NULL,
  `a8` varchar(30) DEFAULT NULL,
  `a9` varchar(30) DEFAULT NULL,
  `a10` varchar(30) DEFAULT NULL,
  `a11` varchar(30) DEFAULT NULL,
  `a12` varchar(30) DEFAULT NULL,
  `a13` varchar(30) DEFAULT NULL,
  `a14` varchar(30) DEFAULT NULL,
  `a15` varchar(30) DEFAULT NULL,
  `a16` varchar(30) DEFAULT NULL,
  `a17` varchar(30) DEFAULT NULL,
  `a18` varchar(30) DEFAULT NULL,
  `a19` varchar(30) DEFAULT NULL,
  `a20` varchar(30) DEFAULT NULL,
  `a21` varchar(30) DEFAULT NULL,
  `a22` varchar(30) DEFAULT NULL,
  `a23` varchar(30) DEFAULT NULL,
  `a24` varchar(30) DEFAULT NULL,
  `a25` varchar(30) DEFAULT NULL,
  `a26` varchar(30) DEFAULT NULL,
  `a27` varchar(30) DEFAULT NULL,
  `a28` varchar(30) DEFAULT NULL,
  `a29` varchar(30) DEFAULT NULL,
  `a30` varchar(30) DEFAULT NULL,
  `a31` varchar(30) DEFAULT NULL,
  `a32` varchar(30) DEFAULT NULL,
  `a33` varchar(30) DEFAULT NULL,
  `a34` varchar(30) DEFAULT NULL,
  `a35` varchar(30) DEFAULT NULL,
  `a36` varchar(30) DEFAULT NULL,
  `a37` varchar(30) DEFAULT NULL,
  `a38` varchar(30) DEFAULT NULL,
  `a39` varchar(30) DEFAULT NULL,
  `a40` varchar(30) DEFAULT NULL,
  `a41` varchar(30) DEFAULT NULL,
  `a42` varchar(30) DEFAULT NULL,
  `a43` varchar(30) DEFAULT NULL,
  `a44` varchar(30) DEFAULT NULL,
  `a45` varchar(30) DEFAULT NULL,
  `a46` varchar(30) DEFAULT NULL,
  `a47` varchar(30) DEFAULT NULL,
  `a48` varchar(30) DEFAULT NULL,
  `a49` varchar(30) DEFAULT NULL,
  `a50` varchar(30) DEFAULT NULL,
  `a51` varchar(30) DEFAULT NULL,
  `a52` varchar(30) DEFAULT NULL,
  `a53` varchar(30) DEFAULT NULL,
  `a54` varchar(30) DEFAULT NULL,
  `a55` varchar(30) DEFAULT NULL,
  `a56` varchar(30) DEFAULT NULL,
  `a57` varchar(30) DEFAULT NULL,
  `a58` varchar(30) DEFAULT NULL,
  `a59` varchar(30) DEFAULT NULL,
  `a60` varchar(30) DEFAULT NULL,
  `a61` varchar(30) DEFAULT NULL,
  `a62` varchar(30) DEFAULT NULL,
  `a63` varchar(30) DEFAULT NULL,
  `a64` varchar(30) DEFAULT NULL,
  `a65` varchar(30) DEFAULT NULL,
  `a66` varchar(30) DEFAULT NULL,
  `a67` varchar(30) DEFAULT NULL,
  `a68` varchar(30) DEFAULT NULL,
  `a69` varchar(30) DEFAULT NULL,
  `a70` varchar(30) DEFAULT NULL,
  `a71` varchar(30) DEFAULT NULL,
  `a72` varchar(30) DEFAULT NULL,
  `a73` varchar(30) DEFAULT NULL,
  `a74` varchar(30) DEFAULT NULL,
  `a75` varchar(30) DEFAULT NULL,
  `a76` varchar(30) DEFAULT NULL,
  `a77` varchar(30) DEFAULT NULL,
  `a78` varchar(30) DEFAULT NULL,
  `a79` varchar(30) DEFAULT NULL,
  `a80` varchar(30) DEFAULT NULL,
  `a81` varchar(30) DEFAULT NULL,
  `a82` varchar(30) DEFAULT NULL,
  `a83` varchar(30) DEFAULT NULL,
  `a84` varchar(30) DEFAULT NULL,
  `a85` varchar(30) DEFAULT NULL,
  `a86` varchar(30) DEFAULT NULL,
  `a87` varchar(30) DEFAULT NULL,
  `a88` varchar(30) DEFAULT NULL,
  `a89` varchar(30) DEFAULT NULL,
  `a90` varchar(30) DEFAULT NULL,
  `a91` varchar(30) DEFAULT NULL,
  `a92` varchar(30) DEFAULT NULL,
  `a93` varchar(30) DEFAULT NULL,
  `a94` varchar(30) DEFAULT NULL,
  `a95` varchar(30) DEFAULT NULL,
  `a96` varchar(30) DEFAULT NULL,
  `a97` varchar(30) DEFAULT NULL,
  `a98` varchar(30) DEFAULT NULL,
  `a99` varchar(30) DEFAULT NULL,
  `a100` varchar(30) DEFAULT NULL,
  `a101` varchar(30) DEFAULT NULL,
  `a102` varchar(30) DEFAULT NULL,
  `a103` varchar(30) DEFAULT NULL,
  `a104` varchar(30) DEFAULT NULL,
  `a105` varchar(30) DEFAULT NULL,
  `a106` varchar(30) DEFAULT NULL,
  `a107` varchar(30) DEFAULT NULL,
  `a108` varchar(30) DEFAULT NULL,
  `a109` varchar(30) DEFAULT NULL,
  `a110` varchar(30) DEFAULT NULL,
  `a111` varchar(30) DEFAULT NULL,
  `a112` varchar(30) DEFAULT NULL,
  `a113` varchar(30) DEFAULT NULL,
  `a114` varchar(30) DEFAULT NULL,
  `a115` varchar(30) DEFAULT NULL,
  `a116` varchar(30) DEFAULT NULL,
  `a117` varchar(30) DEFAULT NULL,
  `a118` varchar(30) DEFAULT NULL,
  `a119` varchar(30) DEFAULT NULL,
  `a120` varchar(30) DEFAULT NULL,
  `a121` varchar(30) DEFAULT NULL,
  `a122` varchar(30) DEFAULT NULL,
  `a123` varchar(30) DEFAULT NULL,
  `a124` varchar(30) DEFAULT NULL,
  `a125` varchar(30) DEFAULT NULL,
  `a126` varchar(30) DEFAULT NULL,
  `a127` varchar(30) DEFAULT NULL,
  `a128` varchar(30) DEFAULT NULL,
  `a129` varchar(30) DEFAULT NULL,
  `a130` varchar(30) DEFAULT NULL,
  `a131` varchar(30) DEFAULT NULL,
  `a132` varchar(30) DEFAULT NULL,
  `a133` varchar(30) DEFAULT NULL,
  `a134` varchar(30) DEFAULT NULL,
  `a135` varchar(30) DEFAULT NULL,
  `a136` varchar(30) DEFAULT NULL,
  `a137` varchar(30) DEFAULT NULL,
  `a138` varchar(30) DEFAULT NULL,
  `a139` varchar(30) DEFAULT NULL,
  `a140` varchar(30) DEFAULT NULL,
  `a141` varchar(30) DEFAULT NULL,
  `a142` varchar(30) DEFAULT NULL,
  `a143` varchar(30) DEFAULT NULL,
  `a144` varchar(30) DEFAULT NULL,
  `a145` varchar(30) DEFAULT NULL,
  `a146` varchar(30) DEFAULT NULL,
  `a147` varchar(30) DEFAULT NULL,
  `a148` varchar(30) DEFAULT NULL,
  `a149` varchar(30) DEFAULT NULL,
  `a150` varchar(30) DEFAULT NULL,
  `a151` varchar(30) DEFAULT NULL,
  `a152` varchar(30) DEFAULT NULL,
  `a153` varchar(30) DEFAULT NULL,
  `a154` varchar(30) DEFAULT NULL,
  `a155` varchar(30) DEFAULT NULL,
  `a156` varchar(30) DEFAULT NULL,
  `a157` varchar(30) DEFAULT NULL,
  `a158` varchar(30) DEFAULT NULL,
  `a159` varchar(30) DEFAULT NULL,
  `a160` varchar(30) DEFAULT NULL,
  `a161` varchar(30) DEFAULT NULL,
  `a162` varchar(30) DEFAULT NULL,
  `a163` varchar(30) DEFAULT NULL,
  `a164` varchar(30) DEFAULT NULL,
  `a165` varchar(30) DEFAULT NULL,
  `a166` varchar(30) DEFAULT NULL,
  `a167` varchar(30) DEFAULT NULL,
  `a168` varchar(30) DEFAULT NULL,
  `a169` varchar(30) DEFAULT NULL,
  `a170` varchar(30) DEFAULT NULL,
  `a171` varchar(30) DEFAULT NULL,
  `a172` varchar(30) DEFAULT NULL,
  `a173` varchar(30) DEFAULT NULL,
  `a174` varchar(30) DEFAULT NULL,
  `a175` varchar(30) DEFAULT NULL,
  `a176` varchar(30) DEFAULT NULL,
  `a177` varchar(30) DEFAULT NULL,
  `a178` varchar(30) DEFAULT NULL,
  `a179` varchar(30) DEFAULT NULL,
  `a180` varchar(30) DEFAULT NULL,
  `a181` varchar(30) DEFAULT NULL,
  `a182` varchar(30) DEFAULT NULL,
  `a183` varchar(30) DEFAULT NULL,
  `a184` varchar(30) DEFAULT NULL,
  `a185` varchar(30) DEFAULT NULL,
  `a186` varchar(30) DEFAULT NULL,
  `a187` varchar(30) DEFAULT NULL,
  `a188` varchar(30) DEFAULT NULL,
  `a189` varchar(30) DEFAULT NULL,
  `a190` varchar(30) DEFAULT NULL,
  `a191` varchar(30) DEFAULT NULL,
  `a192` varchar(30) DEFAULT NULL,
  `a193` varchar(30) DEFAULT NULL,
  `a194` varchar(30) DEFAULT NULL,
  `a195` varchar(30) DEFAULT NULL,
  `a196` varchar(30) DEFAULT NULL,
  `a197` varchar(30) DEFAULT NULL,
  `a198` varchar(30) DEFAULT NULL,
  `a199` varchar(30) DEFAULT NULL,
  `a200` varchar(30) DEFAULT NULL,
  `a201` varchar(30) DEFAULT NULL,
  `a202` varchar(30) DEFAULT NULL,
  `a203` varchar(30) DEFAULT NULL,
  `a204` varchar(30) DEFAULT NULL,
  `a205` varchar(30) DEFAULT NULL,
  `a206` varchar(30) DEFAULT NULL,
  `a207` varchar(30) DEFAULT NULL,
  `a208` varchar(30) DEFAULT NULL,
  `a209` varchar(30) DEFAULT NULL,
  `a210` varchar(30) DEFAULT NULL,
  `a211` varchar(30) DEFAULT NULL,
  `a212` varchar(30) DEFAULT NULL,
  `a213` varchar(30) DEFAULT NULL,
  `a214` varchar(30) DEFAULT NULL,
  `a215` varchar(30) DEFAULT NULL,
  `a216` varchar(30) DEFAULT NULL,
  `a217` varchar(30) DEFAULT NULL,
  `a218` varchar(30) DEFAULT NULL,
  `a219` varchar(30) DEFAULT NULL,
  `a220` varchar(30) DEFAULT NULL,
  `a221` varchar(30) DEFAULT NULL,
  `acount_number` varchar(30) DEFAULT NULL,
  `date` varchar(30) DEFAULT NULL,
  `pageNo` int(10) NOT NULL
) ENGINE=InnoDB DEFAULT CHARSET=utf8;

-- ----------------------------
-- Records of tb_template
-- ----------------------------
BEGIN;
INSERT INTO `tb_template` VALUES (1, 't2', '23123,12321,12,23', '678,3155,97,37', NULL, NULL, '676,3200,131,36', NULL, NULL, '485,3108,168,33', '680,3201,140,36', '666,3149,119,49', NULL, NULL, NULL, NULL, NULL, NULL, NULL, NULL, NULL, NULL, NULL, NULL, NULL, NULL, NULL, NULL, NULL, NULL, NULL, NULL, NULL, NULL, NULL, NULL, NULL, NULL, NULL, NULL, NULL, NULL, NULL, NULL, NULL, NULL, NULL, NULL, NULL, NULL, NULL, NULL, NULL, NULL, NULL, NULL, NULL, NULL, NULL, NULL, NULL, NULL, NULL, NULL, NULL, NULL, NULL, NULL, NULL, NULL, NULL, NULL, NULL, NULL, NULL, NULL, NULL, NULL, NULL, NULL, NULL, NULL, NULL, NULL, NULL, NULL, NULL, NULL, NULL, NULL, NULL, NULL, NULL, NULL, NULL, NULL, NULL, NULL, NULL, NULL, NULL, NULL, NULL, NULL, NULL, NULL, NULL, NULL, NULL, NULL, NULL, NULL, NULL, NULL, NULL, NULL, NULL, NULL, NULL, NULL, NULL, NULL, NULL, NULL, NULL, NULL, NULL, NULL, NULL, NULL, NULL, NULL, NULL, NULL, NULL, NULL, NULL, NULL, NULL, NULL, NULL, NULL, NULL, NULL, NULL, NULL, NULL, NULL, NULL, NULL, NULL, NULL, NULL, NULL, NULL, NULL, NULL, NULL, NULL, NULL, NULL, NULL, NULL, NULL, NULL, NULL, NULL, NULL, NULL, NULL, NULL, NULL, NULL, NULL, NULL, NULL, NULL, NULL, NULL, NULL, NULL, NULL, NULL, NULL, NULL, NULL, NULL, NULL, NULL, NULL, NULL, NULL, NULL, NULL, NULL, NULL, NULL, NULL, NULL, NULL, NULL, NULL, NULL, NULL, NULL, NULL, NULL, NULL, NULL, NULL, NULL, NULL, NULL, NULL, NULL, NULL, NULL, NULL, NULL, NULL, NULL, NULL, NULL, NULL, NULL, 1);
COMMIT;

SET FOREIGN_KEY_CHECKS = 1;
